data,giornata,budget,schedine,numeri,somma
2026-08-30,Sunday,1.00,1,7-35-45-58-70-86,301
2026-08-30,Sunday,1.00,1,11-22-23-67-72-86,281
2026-08-30,Sunday,1.00,1,1-28-45-60-64-77,275
2026-08-30,Sunday,1.00,1,22-30-32-56-77-79,296
2026-08-30,Sunday,1.00,1,4-33-37-55-79-84,292
2026-08-30,Sunday,1.00,1,13-20-41-52-55-90,271
2026-08-30,Sunday,1.00,1,19-28-40-60-62-83,292
2026-08-30,Sunday,1.00,1,8-40-46-50-59-84,287
2026-08-30,Sunday,1.00,1,11-19-40-44-64-82,260
2026-08-30,Sunday,1.00,1,10-29-52-54-62-86,293
2026-08-30,Sunday,1.00,1,4-13-27-63-71-72,250
2026-08-30,Sunday,1.00,1,3-25-29-41-67-89,254
2026-08-30,Sunday,1.00,1,20-30-46-57-59-81,293
2026-08-30,Sunday,1.00,1,10-28-42-60-78-85,303
2026-08-30,Sunday,1.00,1,9-25-44-55-61-84,278
2026-08-30,Sunday,1.00,1,13-18-40-42-64-79,256
2026-08-30,Sunday,1.00,1,21-29-30-53-76-85,294
2026-08-30,Sunday,1.00,1,4-22-45-48-66-88,273
2026-08-30,Sunday,1.00,1,2-27-35-50-66-68,248
2026-08-30,Sunday,1.00,1,4-39-47-53-62-72,277
2026-08-30,Sunday,1.00,1,1-35-41-43-54-74,248
2026-08-30,Sunday,1.00,1,21-37-45-46-53-74,276
2026-09-01,,,,19-25-49-55-62-82,292,0
2026-09-01,,,,5-39-43-48-69-86,290,0
2026-09-01,,,,21-25-33-44-62-86,271,0
2026-09-01,,,,13-33-36-57-60-69,268,0
2026-09-01,,,,13-21-33-49-52-79,247,0
2026-09-01,,,,4-11-41-50-68-89,263,0
2026-09-01,,,,12-21-26-58-65-85,267,0
2026-09-01,,,,14-41-45-51-63-69,283,0
2026-09-01,,,,10-26-49-50-56-68,259,0
2026-09-01,,,,11-21-31-53-71-87,274,0
2026-09-01,,,,8-35-38-46-54-74,255,0
2026-09-01,,,,9-17-34-63-68-77,268,0
2026-09-01,,,,9-29-44-63-69-71,285,0
2026-09-01,,,,3-29-32-46-65-86,261,0
2026-09-01,,,,5-11-32-46-68-90,252,0
2026-09-01,,,,7-23-46-65-76-79,296,0
2026-09-01,,,,19-41-47-52-65-77,301,0
2026-09-01,,,,4-23-54-63-78-79,301,0
